signal_date,trade_date,score,position,next_day_return,strategy_return,rsi,macd,structure,trend,volume,bollinger,adx,plus_di,minus_di,momentum_5d_atr
2026-09-08,2026-09-09,-1,0,-0.0019038745382752298,-0.0,0,0,0,0,-1,0,46.00110818785972,32.990111610509814,14.214981338511386,-1.2503344307324138
2026-09-09,2026-09-10,-1,0,-0.022191153395704433,-0.0,0,0,0,0,-1,0,45.64024883914298,31.76944577746694,13.309878452126014,-0.6066725160685875
2026-09-10,2026-09-11,-2,0,0.008580134475261625,0.0,0,0,-1,0,-1,0,44.39134912150903,29.625338429644785,16.608031350400395,-1.4678647694528826
2026-09-11,2026-09-12,1,0,0.0006865589193028043,0.0,0,0,0,0,1,0,43.42906496623291,30.196418716617856,15.933376290887477,-1.3324065210926355
2026-09-12,2026-09-13,-1,0,-0.005651231587268546,-0.0,0,0,0,0,-1,0,42.53551538935439,29.759936275057473,15.703062919859951,-0.831976815551755
2026-09-13,2026-09-14,1,0,0.01753207652949218,0.0,0,0,0,0,1,0,41.32042369202105,28.8046675835217,17.09032370231781,-0.7633874178878852
2026-09-14,2026-09-15,3,1,-0.032545671269177845,-0.033545671269177846,0,1,1,0,1,0,40.89399146886925,32.795798371963905,15.664797275459028,-0.0534674044924914
2026-09-15,2026-09-16,-2,0,0.007423277944405227,-0.001,0,0,-1,0,-1,0,39.59627830458942,29.408731739029296,18.517103075551358,-0.4071129498860713
2026-09-16,2026-09-17,2,0,0.0027689420780514507,0.0,0,1,0,0,1,0,38.39125893758439,27.98998882801999,17.62379666046647,-0.46037255957087936
2026-09-17,2026-09-18,2,0,0.0584537395535365,0.0,0,1,0,0,1,0,37.520627429760815,28.952761660358732,16.93029218295939,-0.4024918635405625
2026-09-18,2026-09-19,6,1,0.004526613838657045,0.0035266138386570453,0,1,1,2,2,0,38.021558037870236,37.2802401941688,14.306692913030961,1.7180337245808441
2026-09-19,2026-09-20,4,1,-0.0008860308782807635,-0.0008860308782807635,0,1,0,2,1,0,38.620401964289876,37.71735772766504,13.807196261083826,1.3521767344658093
2026-09-20,2026-09-21,5,1,0.0670377359582972,0.0670377359582972,0,1,1,2,1,0,38.703303836440725,36.03798239518125,15.525499237353023,2.5153980483126466
2026-09-21,2026-09-22,9,1,-0.004750057175010647,-0.004750057175010647,0,2,1,2,2,2,40.009221456896455,46.10949102812803,12.63389606364128,4.148573614219599
2026-09-22,2026-09-23,5,1,-0.021006844215140097,-0.021006844215140097,0,2,0,2,-1,2,41.221859243845124,43.94980180712093,12.042146110654308,4.00391054942814
2026-09-23,2026-09-24,1,0,0.00014976729196081173,-0.001,0,0,0,2,-1,0,41.52814408119868,40.85810417248182,15.30043770656027,1.382969862263457
2026-09-24,2026-09-25,3,1,-0.003675501929623737,-0.004675501929623737,0,0,0,2,1,0,41.47371438238083,38.45119063979304,16.180120316891003,1.2606137320955126
2026-09-25,2026-09-26,1,0,0.0039607609988110415,-0.001,0,0,0,2,-1,0,41.49616521768097,37.05438621692966,15.212913417192784,1.180197387996732
2026-09-26,2026-09-27,-1,0,0.0004606012972871998,0.0,0,0,0,0,-1,0,41.51701242148353,36.29260974599445,14.900161252632884,-0.9316828616815341
2026-09-27,2026-09-28,1,0,-0.011506770112372111,-0.0,0,0,0,0,1,0,41.711152594082066,37.284050125131365,14.414991896923427,-0.7707918125473684
2026-09-28,2026-09-29,-1,0,0.001959880004804848,0.0,0,0,0,0,-1,0,40.92411198724573,34.42114750700912,18.253834389311642,-0.3961067559486379
2026-09-29,2026-09-30,1,0,-0.0004788219879454658,-0.0,0,0,0,0,1,0,40.19328856653742,32.45142809688334,17.20927502653517,-0.3345058739016681
2026-09-30,2026-10-01,-1,0,0.015025186074886454,0.0,0,0,0,0,-1,0,39.86162705957194,33.11929675092613,15.747232264688344,-0.21033733871041346
2026-10-01,2026-10-02,4,1,-0.004265313227313272,-0.005265313227313272,0,1,1,1,1,0,39.55365565986708,30.926497785665532,14.704622124881254,0.1984481243930801
2026-10-02,2026-10-03,-1,0,0.0027870986062139558,-0.001,0,0,0,1,-2,0,39.85305874362364,33.735000688965,13.202187468725695,0.019752269403536277
2026-10-03,2026-10-04,0,0,0.020959943044287055,0.0,0,0,0,1,-1,0,40.13107589193031,33.099272127777944,12.953395191479531,0.5686287734119269
2026-10-04,2026-10-05,5,1,-0.008819253438113961,-0.009819253438113962,0,1,1,2,1,0,40.862585382026296,36.59292079416806,12.076871448321997,1.3054804914776197
2026-10-05,2026-10-06,0,0,-0.0025294149127745857,-0.001,0,0,0,1,-1,0,41.59193399711826,34.81777491921147,11.276057231124543,0.981537910677825
2026-10-06,2026-10-07,0,0,-0.026044787407215053,-0.0,0,0,0,1,-1,0,42.26918628247561,33.000847544066175,10.68762855885867,0.31313814076298524
2026-10-07,2026-10-08,-1,0,-0.01881092117417993,-0.0,0,0,0,0,-1,0,41.149877510286274,29.971429089711705,17.37722518288005,-0.5469023581948235
